Cluster ID	Cluster name	Transferred MTG Label
153	Amex_153	N/A
154	Amex_154	N/A
155	Amex_155	N/A
156	Amex_156	N/A
157	Amex_157	N/A
158	Amex_158	N/A
159	Amex_159	N/A
160	Amex_160	N/A
161	Amex_161	N/A
162	Amex_162	N/A
171	Amex_171	N/A
172	Amex_172	N/A
173	Amex_173	N/A
174	Amex_174	N/A
175	Amex_175	L2/3 IT
405	Amex_405	N/A
406	Amex_406	N/A
407	Amex_407	N/A
408	Amex_408	N/A
419	Amex_419	N/A
52	Astro_52	Astro
53	Astro_53	Astro
54	Astro_54	Astro
55	Astro_55	Astro
56	Astro_56	Astro
57	Astro_57	Astro
58	Astro_58	Astro
59	Astro_59	Astro
60	Astro_60	Astro
61	Astro_61	Astro
62	Astro_62	Astro
63	Astro_63	Astro
64	Astro_64	Astro
51	Bgl_51	N/A
298	CBI_298	N/A
299	CBI_299	N/A
300	CBI_300	N/A
301	CBI_301	N/A
302	CBI_302	N/A
303	CBI_303	N/A
304	CBI_304	N/A
305	CBI_305	N/A
306	CBI_306	N/A
307	CBI_307	N/A
276	CGE_276	N/A
277	CGE_277	N/A
278	CGE_278	Pax6
279	CGE_279	N/A
280	CGE_280	N/A
281	CGE_281	N/A
282	CGE_282	Sncg
283	CGE_283	Sncg
284	CGE_284	Vip
285	CGE_285	Vip
286	CGE_286	Lamp5
287	CGE_287	Lamp5
288	CGE_288	Lamp5
289	CGE_289	Vip
290	CGE_290	Vip
291	CGE_291	Vip
292	CGE_292	Vip
293	CGE_293	Vip
294	CGE_294	Vip
295	CGE_295	Vip
296	CGE_296	Vip
76	Chrp_76	N/A
77	Chrp_77	N/A
78	Chrp_78	N/A
79	Chrp_79	N/A
80	Chrp_80	N/A
81	Chrp_81	N/A
82	Chrp_82	N/A
37	COP_37	OPC
38	COP_38	OPC
39	COP_39	N/A
41	COP_41	N/A
42	COP_42	N/A
43	COP_43	N/A
75	COP_75	N/A
84	DLCT6b_84	N/A
97	DLCT6b_97	N/A
98	DLCT6b_98	L6b
99	DLCT6b_99	L6b
100	DLCT6b_100	N/A
101	DLCT6b_101	L6b
102	DLCT6b_102	L6b
103	DLCT6b_103	L6b
104	DLCT6b_104	N/A
105	DLCT6b_105	L6b
106	DLCT6b_106	L6b
107	DLCT6b_107	N/A
108	DLCT6b_108	N/A
109	DLCT6b_109	L6 CT
110	DLCT6b_110	L6 CT
111	DLCT6b_111	N/A
112	DLCT6b_112	N/A
136	DLIT_136	N/A
137	DLIT_137	L5 IT
139	DLIT_139	L5 IT
140	DLIT_140	N/A
141	DLIT_141	L4 IT
142	DLIT_142	L5 IT
143	DLIT_143	L5 IT
144	DLIT_144	L5 IT
145	DLIT_145	N/A
146	DLIT_146	N/A
147	DLIT_147	N/A
148	DLIT_148	L6 IT
149	DLIT_149	L6 IT
150	DLIT_150	L6 IT Car3
151	DLIT_151	L6 IT Car3
152	DLIT_152	L6 IT Car3
83	DLNP_83	N/A
85	DLNP_85	N/A
86	DLNP_86	L5/6 NP
87	DLNP_87	L5/6 NP
88	DLNP_88	L5/6 NP
89	DLNP_89	L5/6 NP
90	DLNP_90	L5/6 NP
91	DLNP_91	L5/6 NP
92	DLNP_92	L5/6 NP
93	DLNP_93	L5/6 NP
94	DLNP_94	L5/6 NP
95	DLNP_95	L5/6 NP
96	DLNP_96	L5/6 NP
222	EMSN_222	N/A
223	EMSN_223	N/A
224	EMSN_224	N/A
225	EMSN_225	N/A
226	EMSN_226	N/A
227	EMSN_227	N/A
228	EMSN_228	N/A
229	EMSN_229	N/A
230	EMSN_230	N/A
231	EMSN_231	N/A
232	EMSN_232	N/A
233	EMSN_233	N/A
234	EMSN_234	N/A
426	EMSN_426	N/A
65	Epen_65	N/A
66	Epen_66	N/A
67	Epen_67	N/A
68	Epen_68	N/A
69	Epen_69	N/A
70	Epen_70	N/A
71	Epen_71	N/A
72	Epen_72	N/A
73	Epen_73	N/A
74	Epen_74	N/A
24	Fbl_24	N/A
25	Fbl_25	VLMC
26	Fbl_26	VLMC
27	Fbl_27	VLMC
28	Fbl_28	VLMC
29	Fbl_29	N/A
30	Fbl_30	N/A
31	Fbl_31	N/A
115	L5ET_115	N/A
119	CA13_119	N/A
163	CA13_163	N/A
169	CA13_169	N/A
179	CA13_179	N/A
180	CA13_180	N/A
181	CA13_181	N/A
182	CA13_182	N/A
183	CA13_183	N/A
184	CA13_184	N/A
185	CA13_185	N/A
186	CA13_186	N/A
187	CA13_187	N/A
188	CA13_188	N/A
189	CA13_189	N/A
190	CA4_190	N/A
191	CA4_191	N/A
192	CA4_192	N/A
193	CA4_193	N/A
194	CA4_194	N/A
195	CA4_195	N/A
196	CA4_196	N/A
197	CA4_197	N/A
198	CA4_198	N/A
199	DG_199	N/A
200	DG_200	N/A
201	DG_201	N/A
202	DG_202	N/A
203	DG_203	N/A
204	DG_204	N/A
205	DG_205	N/A
264	LLC_264	Chandelier
265	LLC_265	Chandelier
266	LLC_266	N/A
267	LLC_267	N/A
268	LLC_268	Lamp5 Lhx6
269	LLC_269	N/A
270	LLC_270	Lamp5 Lhx6
271	LLC_271	Lamp5 Lhx6
272	LLC_272	Lamp5 Lhx6
273	LLC_273	Lamp5 Lhx6
274	LLC_274	Lamp5 Lhx6
275	LLC_275	Lamp5 Lhx6
315	LRL_315	N/A
316	LRL_316	N/A
317	LRL_317	N/A
318	LRL_318	N/A
319	LRL_319	N/A
320	LRL_320	N/A
321	LRL_321	N/A
322	LRL_322	N/A
323	Mmb_323	N/A
324	Mmb_324	N/A
325	Mmb_325	N/A
326	Mmb_326	N/A
327	Mmb_327	N/A
328	Mmb_328	N/A
329	Mmb_329	N/A
330	Mmb_330	N/A
331	Mmb_331	N/A
332	Mmb_332	N/A
333	Mmb_333	N/A
206	MSN_206	N/A
207	MSN_207	N/A
208	MSN_208	N/A
209	MSN_209	N/A
210	MSN_210	N/A
211	MSN_211	N/A
212	MSN_212	N/A
213	MSN_213	N/A
214	MSN_214	N/A
215	MSN_215	N/A
216	MSN_216	N/A
217	MSN_217	N/A
218	MSN_218	N/A
219	MSN_219	N/A
220	MSN_220	N/A
221	MSN_221	N/A
427	MSN_427	N/A
430	MSN_430	N/A
236	MGE_236	Pvalb
239	MGE_239	N/A
240	MGE_240	Pvalb
241	MGE_241	Sst
242	MGE_242	Sst
243	MGE_243	Sst
244	MGE_244	N/A
245	MGE_245	N/A
246	MGE_246	N/A
247	MGE_247	Sst
248	MGE_248	Sst
249	MGE_249	Sst
250	MGE_250	Sst
251	MGE_251	Sst
252	MGE_252	Sst
253	MGE_253	Sst
254	MGE_254	Sst
255	MGE_255	Pvalb
256	MGE_256	Pvalb
257	MGE_257	Pvalb
258	MGE_258	Pvalb
259	MGE_259	Pvalb
260	MGE_260	Pvalb
261	MGE_261	Pvalb
262	MGE_262	Pvalb
263	MGE_263	Pvalb
4	Mgl_4	Micro-PVM
5	Mgl_5	Micro-PVM
6	Mgl_6	Micro-PVM
7	Mgl_7	Micro-PVM
8	Mgl_8	Micro-PVM
9	Mgl_9	Micro-PVM
10	Mgl_10	Micro-PVM
11	Mgl_11	Micro-PVM
12	Mgl_12	Micro-PVM
433	Midi_433	N/A
434	Midi_434	N/A
435	Midi_435	N/A
436	Midi_436	N/A
437	Midi_437	N/A
438	Midi_438	N/A
439	Midi_439	N/A
440	Midi_440	N/A
441	Midi_441	N/A
442	Midi_442	N/A
443	Midi_443	N/A
444	Midi_444	N/A
0	Bcell_0	N/A
1	Tcell_1	N/A
2	Nkcell_2	N/A
3	Mono_3	N/A
113	L5ET_113	N/A
114	L5ET_114	N/A
116	Misc_116	N/A
117	L5ET_117	N/A
118	L5ET_118	N/A
132	Misc_132	N/A
164	Misc_164	N/A
165	Misc_165	N/A
166	Misc_166	N/A
167	Misc_167	N/A
168	Misc_168	N/A
170	Misc_170	N/A
176	Misc_176	N/A
177	Misc_177	N/A
178	Misc_178	N/A
314	Misc_314	N/A
401	Misc_401	N/A
404	Misc_404	N/A
40	Oligo_40	Oligo
44	Oligo_44	Oligo
45	Oligo_45	Oligo
46	Oligo_46	Oligo
47	Oligo_47	Oligo
48	Oligo_48	Oligo
49	Oligo_49	Oligo
50	Oligo_50	Oligo
32	OPC_32	OPC
33	OPC_33	OPC
34	OPC_34	OPC
35	OPC_35	OPC
36	OPC_36	OPC
235	Splat_235	N/A
237	Splat_237	N/A
238	Splat_238	N/A
313	Splat_313	N/A
334	Splat_334	N/A
335	Splat_335	N/A
336	Splat_336	N/A
337	Splat_337	N/A
338	Splat_338	N/A
339	Splat_339	N/A
340	Splat_340	N/A
341	Splat_341	N/A
342	Splat_342	N/A
343	Splat_343	N/A
344	Splat_344	N/A
345	Splat_345	N/A
346	Splat_346	N/A
347	Splat_347	N/A
348	Splat_348	N/A
349	Splat_349	N/A
350	Splat_350	N/A
351	Splat_351	N/A
352	Splat_352	N/A
353	Splat_353	N/A
354	Splat_354	N/A
355	Splat_355	N/A
356	Splat_356	N/A
357	Splat_357	N/A
358	Splat_358	N/A
359	Splat_359	N/A
360	Splat_360	N/A
361	Splat_361	N/A
362	Splat_362	N/A
363	Splat_363	N/A
364	Splat_364	N/A
365	Splat_365	N/A
366	Splat_366	N/A
367	Splat_367	N/A
368	Splat_368	N/A
369	Splat_369	N/A
370	Splat_370	N/A
371	Splat_371	N/A
373	Splat_373	N/A
374	Splat_374	N/A
375	Splat_375	N/A
376	Splat_376	N/A
377	Splat_377	N/A
378	Splat_378	N/A
379	Splat_379	N/A
380	Splat_380	N/A
381	Splat_381	N/A
382	Splat_382	N/A
383	Splat_383	N/A
384	Splat_384	N/A
385	Splat_385	N/A
386	Splat_386	N/A
387	Splat_387	N/A
388	Splat_388	N/A
389	Splat_389	N/A
390	Splat_390	N/A
391	Splat_391	N/A
392	Splat_392	N/A
393	Splat_393	N/A
394	Splat_394	N/A
395	Splat_395	N/A
396	Splat_396	N/A
397	Splat_397	N/A
398	Splat_398	N/A
399	Splat_399	N/A
400	Splat_400	N/A
402	Splat_402	N/A
403	Splat_403	N/A
409	Splat_409	N/A
410	Splat_410	N/A
411	Splat_411	N/A
412	Splat_412	N/A
413	Splat_413	N/A
414	Splat_414	N/A
415	Splat_415	N/A
416	Splat_416	N/A
417	Splat_417	N/A
418	Splat_418	N/A
420	Splat_420	N/A
421	Splat_421	N/A
422	Splat_422	N/A
423	Splat_423	N/A
424	Splat_424	N/A
425	Splat_425	N/A
428	Splat_428	N/A
429	Splat_429	N/A
431	Splat_431	N/A
432	Splat_432	N/A
372	Thex_372	N/A
445	Thex_445	N/A
446	Thex_446	N/A
447	Thex_447	N/A
448	Thex_448	N/A
449	Thex_449	N/A
450	Thex_450	N/A
451	Thex_451	N/A
452	Thex_452	N/A
453	Thex_453	N/A
454	Thex_454	N/A
455	Thex_455	N/A
456	Thex_456	N/A
457	Thex_457	N/A
458	Thex_458	N/A
459	Thex_459	N/A
460	Thex_460	N/A
297	URL_297	N/A
308	URL_308	N/A
309	URL_309	N/A
310	URL_310	N/A
311	URL_311	N/A
312	URL_312	N/A
120	ULIT_120	L2/3 IT
121	ULIT_121	L2/3 IT
122	ULIT_122	L2/3 IT
123	ULIT_123	L2/3 IT
124	ULIT_124	L2/3 IT
125	ULIT_125	L2/3 IT
126	ULIT_126	L2/3 IT
127	ULIT_127	L2/3 IT
128	ULIT_128	L2/3 IT
129	ULIT_129	L2/3 IT
130	ULIT_130	L2/3 IT
131	ULIT_131	L2/3 IT
133	ULIT_133	N/A
134	ULIT_134	L2/3 IT
135	ULIT_135	N/A
138	ULIT_138	L4 IT
13	VendPLVAP_13	N/A
14	VendAC_14	Endo
15	VendC_15	Endo
16	VendVC_16	Endo
17	VendV_17	Endo
18	VendA_18	N/A
19	Vsmc_19	N/A
20	Vsmc_20	N/A
21	Per_21	VLMC
22	Per_22	VLMC
23	Per_23	VLMC
		N/A